category,reviewed_count,direct_count,partial_count,adjacent_count,substitute_count
Integrated career OS and job discovery,11,7,4,0,0
"Outplacement, coaching and transition",11,1,0,3,7
Executive networks and opportunity intelligence,10,1,7,2,0
"Resume, ATS and application materials",10,1,9,0,0
Application automation and delegation,8,1,1,0,6
"Workflow, relationship CRM and general AI",8,0,0,3,5
Interview and communication preparation,7,0,1,6,0
Enterprise talent intelligence,6,0,0,6,0
Retained executive search,6,0,0,0,6
