product,discovery,official_source_capture,full_posting_evidence,fit_gap_scoring,comp_relocation_logic,evidence_canon,ats_resume,executive_resume,outreach,feedback_learning,versioning,approval_gates,application_tracking,interview_support,decision_support
Indeed Career Scout / Apply For Me,✓,—,◐,✓,◐,—,✓,◐,✓,◐,◐,◐,✓,✓,◐
LinkedIn Premium Career,✓,—,◐,✓,◐,—,◐,◐,✓,◐,—,✓,◐,—,◐
Jobscan,◐,◐,✓,✓,—,—,✓,◐,—,✓,◐,✓,◐,◐,—
JobCopilot,✓,✓,◐,✓,◐,—,✓,◐,✓,✓,◐,◐,✓,✓,◐
Teal,◐,✓,✓,✓,◐,◐,✓,◐,✓,◐,✓,✓,✓,◐,◐
Huntr,◐,✓,✓,✓,◐,◐,✓,◐,✓,◐,✓,✓,✓,✓,◐
Jobright,✓,—,✓,✓,◐,—,✓,◐,✓,◐,◐,✓,✓,✓,◐
Simplify,✓,◐,✓,✓,◐,—,✓,◐,✓,◐,✓,✓,✓,◐,◐
Careerflow,✓,✓,✓,✓,◐,—,✓,◐,✓,✓,✓,✓,✓,✓,◐
Korn Ferry Advance,✓,—,◐,✓,◐,—,✓,✓,◐,✓,◐,✓,◐,✓,✓
ExecuNet,✓,—,◐,✓,◐,—,◐,◐,✓,✓,—,✓,◐,✓,✓
ExecThread,✓,—,◐,◐,◐,—,—,—,✓,◐,—,✓,—,—,◐
INTOO Executive Outplacement,✓,◐,◐,✓,✓,◐,✓,✓,✓,✓,✓,✓,◐,✓,✓
Final Round AI,✓,—,✓,✓,—,—,✓,◐,◐,✓,◐,◐,✓,✓,—
Welcome to the Jungle / Otta,✓,—,✓,✓,◐,—,✓,◐,✓,◐,◐,✓,✓,◐,◐
